<?xml version="1.0" encoding="ISO-8859-1"?>
<model version="2.1">
  <id>f24b67e5-a91f-4113-8235-7617f7e23626</id>
  <name>SimpleModel</name>
  <changecounter>7</changecounter>
  <sib>
    <id>11a5e416-b652-4340-a9e3-2f1dda8b99ea</id>
    <name>PutString</name>
    <label>variable=&quot;Bla&quot;</label>
    <sib-uid>exercise-sibs/PutString</sib-uid>
    <taxonomy>tudo.sib.exercise.PutString</taxonomy>
    <position>99.0,63.0</position>
    <parameter name="value">
      <string>Bla</string>
    </parameter>
    <parameter name="variable">
      <de.metaframe.jabc.framework.sib.parameter.ContextKey>
        <ContextKeyFoundation>
          <key>variable</key>
          <scope>GLOBAL</scope>
          <scopeMutable>false</scopeMutable>
        </ContextKeyFoundation>
      </de.metaframe.jabc.framework.sib.parameter.ContextKey>
    </parameter>
    <finalbranches>default</finalbranches>
    <finalbranches>error</finalbranches>
    <userobject key="ABC$START">
      <boolean>true</boolean>
    </userobject>
  </sib>
  <edge>
    <source>11a5e416-b652-4340-a9e3-2f1dda8b99ea</source>
    <target>74c65d6a-5191-41e5-b28c-77bb375fe3e9</target>
    <point>168.0,78.7090909090909</point>
    <point>297.0,55.25454545454545</point>
    <labelposition>500.0,0.0</labelposition>
    <branch>default</branch>
  </edge>
  <sib>
    <id>17eecfdc-75ff-4878-b506-6d5445fdfa45</id>
    <name>PrintConsoleMessage</name>
    <label>Print Error</label>
    <sib-uid>exercise-sibs/PrintConsoleMessage</sib-uid>
    <taxonomy>tudo.sib.exercise.PrintConsoleMessage</taxonomy>
    <position>488.5,63.0</position>
    <parameter name="error">
      <boolean>false</boolean>
    </parameter>
    <parameter name="message">
      <string>Hello!</string>
    </parameter>
    <finalbranches>default</finalbranches>
  </sib>
  <edge>
    <source>74c65d6a-5191-41e5-b28c-77bb375fe3e9</source>
    <target>17eecfdc-75ff-4878-b506-6d5445fdfa45</target>
    <point>333.0,54.34285714285714</point>
    <point>507.0,79.2</point>
    <labelposition>500.0,0.0</labelposition>
    <branch>error</branch>
  </edge>
  <sib>
    <id>fd698fdb-6c5a-4934-9d10-ca172aa3f652</id>
    <name>PrintConsoleMessage_1</name>
    <label>PrintConsoleMessage</label>
    <sib-uid>exercise-sibs/PrintConsoleMessage</sib-uid>
    <taxonomy>tudo.sib.exercise.PrintConsoleMessage</taxonomy>
    <position>421.5,153.0</position>
    <parameter name="error">
      <boolean>false</boolean>
    </parameter>
    <parameter name="message">
      <string>false</string>
    </parameter>
    <finalbranches>default</finalbranches>
  </sib>
  <edge>
    <source>74c65d6a-5191-41e5-b28c-77bb375fe3e9</source>
    <target>fd698fdb-6c5a-4934-9d10-ca172aa3f652</target>
    <point>333.0,63.9</point>
    <point>477.0,159.9</point>
    <labelposition>500.0,0.0</labelposition>
    <branch>false</branch>
  </edge>
  <sib>
    <id>c84acf5c-cf14-4374-aa0e-55ca2fa1fa2b</id>
    <name>PrintConsoleMessage_2</name>
    <label>PrintConsoleMessage</label>
    <sib-uid>exercise-sibs/PrintConsoleMessage</sib-uid>
    <taxonomy>tudo.sib.exercise.PrintConsoleMessage</taxonomy>
    <position>301.5,243.0</position>
    <parameter name="error">
      <boolean>false</boolean>
    </parameter>
    <parameter name="message">
      <string>true</string>
    </parameter>
    <finalbranches>default</finalbranches>
  </sib>
  <edge>
    <source>74c65d6a-5191-41e5-b28c-77bb375fe3e9</source>
    <target>c84acf5c-cf14-4374-aa0e-55ca2fa1fa2b</target>
    <point>319.93150684931504,69.0</point>
    <point>369.6268656716418,243.0</point>
    <labelposition>500.0,0.0</labelposition>
    <branch>true</branch>
  </edge>
  <sib>
    <id>2cad1b96-8874-44f5-a8b6-f8f4d79dab71</id>
    <name>PrintConsoleMessage_3</name>
    <label>PrintConsoleMessage</label>
    <sib-uid>exercise-sibs/PrintConsoleMessage</sib-uid>
    <taxonomy>tudo.sib.exercise.PrintConsoleMessage</taxonomy>
    <position>136.5,213.0</position>
    <parameter name="error">
      <boolean>false</boolean>
    </parameter>
    <parameter name="message">
      <string>empty</string>
    </parameter>
    <finalbranches>default</finalbranches>
  </sib>
  <edge>
    <source>74c65d6a-5191-41e5-b28c-77bb375fe3e9</source>
    <target>2cad1b96-8874-44f5-a8b6-f8f4d79dab71</target>
    <point>305.0,69.0</point>
    <point>221.05263157894737,213.0</point>
    <labelposition>500.0,0.0</labelposition>
    <branch>emptyString</branch>
  </edge>
  <sib>
    <id>74c65d6a-5191-41e5-b28c-77bb375fe3e9</id>
    <name>ExampleSIB_1</name>
    <label>ExampleSIB</label>
    <sib-uid>dli/ExampleSIB</sib-uid>
    <taxonomy>de.jabc.sib.inbus.ExampleSIB</taxonomy>
    <position>307.5,63.0</position>
    <parameter name="variable">
      <de.metaframe.jabc.framework.sib.parameter.ContextKey>
        <ContextKeyFoundation>
          <key>variable</key>
          <scope>DECLARED</scope>
          <scopeMutable>true</scopeMutable>
        </ContextKeyFoundation>
      </de.metaframe.jabc.framework.sib.parameter.ContextKey>
    </parameter>
    <finalbranches>emptyString</finalbranches>
    <finalbranches>error</finalbranches>
    <finalbranches>false</finalbranches>
    <finalbranches>true</finalbranches>
  </sib>
  <values/>
  <branch>
    <name>default</name>
    <branch>default</branch>
    <sib>2cad1b96-8874-44f5-a8b6-f8f4d79dab71</sib>
  </branch>
  <branch>
    <name>default</name>
    <branch>default</branch>
    <sib>fd698fdb-6c5a-4934-9d10-ca172aa3f652</sib>
  </branch>
  <branch>
    <name>error</name>
    <branch>default</branch>
    <sib>17eecfdc-75ff-4878-b506-6d5445fdfa45</sib>
  </branch>
  <branch>
    <name>default</name>
    <branch>default</branch>
    <sib>c84acf5c-cf14-4374-aa0e-55ca2fa1fa2b</sib>
  </branch>
  <branch>
    <name>error</name>
    <branch>error</branch>
    <sib>11a5e416-b652-4340-a9e3-2f1dda8b99ea</sib>
  </branch>
</model>